{"name":"notion","targetUrl":"https://www.notion.so","counter":false,"bounce":false,"width":1280,"height":800,"showMenuBar":false,"fastQuit":false,"userAgent":"Mozilla/5.0 (X11; Linux x86_64) AppleWebKit/537.36 (KHTML, like Gecko) Chrome/73.0.3683.121 Safari/537.36","nativefierVersion":"7.7.0","ignoreCertificate":false,"disableGpu":false,"ignoreGpuBlacklist":false,"enableEs3Apis":false,"insecure":false,"flashPluginDir":null,"diskCacheSize":null,"fullScreen":false,"maximize":false,"zoom":1,"internalUrls":".?(notion.so).?","singleInstance":false,"clearCache":false,"win32metadata":{"ProductName":"Notion","InternalName":"Notion","FileDescription":"Notion"},"tray":false,"basicAuthUsername":null,"basicAuthPassword":null,"alwaysOnTop":false,"titleBarStyle":null,"globalShortcuts":null,"backgroundColor":null,"darwinDarkModeSupport":false}